symboling,fueltype,aspiration,doornumber,carwidth,carheight,curbweight,enginesize,boreratio,stroke,compressionratio,horsepower,peakrpm,avg_mpg,hp_per_weight,brand_tier,carbody_hardtop,carbody_hatchback,carbody_sedan,carbody_wagon,drivewheel_fwd,drivewheel_rwd,enginetype_dohcv,enginetype_l,enginetype_ohc,enginetype_ohcf,enginetype_ohcv,enginetype_rotor,fuelsystem_2bbl,fuelsystem_4bbl,fuelsystem_idi,fuelsystem_mfi,fuelsystem_mpfi,fuelsystem_spdi,fuelsystem_spfi
-0.727380317030826,1,0,0.9179850920431568,0.08381685800832216,0.27677891478244226,0.28128677195325164,0.18801046588131556,0.4058360979837442,1.2151008849583855,3.099860473990956,-0.8153855268072965,-1.9178286866039878,1.1528345118688064,-1.3735856023896325,1,0,0,1,0,0,1,0,0,1,0,0,0,0,0,1,0,0,0,0
-0.727380317030826,0,0,0.9179850920431568,1.170267677277744,1.2072691701829692,1.0160445223408232,-0.158992773398026,0.517384343910001,-3.3601661634638194,-0.4395908394638218,-0.24189415870788902,-0.2929069966947651,-1.0157089114765951,-0.9481292116707963,2,0,0,1,0,0,1,0,1,0,0,0,0,0,0,0,0,1,0,0
-0.727380317030826,0,0,0.9179850920431568,-1.097107945545388,2.1782155236443863,-0.5416419084808284,-0.8529992519567091,-1.007108350415519,-0.70966663196406,-0.28343857563493463,-1.0647295998939954,-0.6991374191720707,0.9922016656950728,-1.3206188654883997,1,0,0,0,1,1,0,0,0,1,0,0,0,1,0,0,0,0,0,0
0.07863570994927846,0,0,0.9179850920431568,-1.002633961261093,0.3172350128433352,-1.1470822948001873,-0.7290695236426585,-0.6352808639946602,0.11072608016681874,-0.1793370664156764,-0.8901887487333061,0.11332342578254051,0.9922016656950728,-0.534179720174072,0,0,0,1,0,1,0,0,0,1,0,0,0,1,0,0,0,0,0,0
-0.727380317030826,0,0,-1.0893423092245462,-0.3413160712710107,-0.1682381638873747,-0.5240077224715267,-0.40685223002612714,-0.6352808639946602,1.0257794898512598,-0.28343857563493463,-0.466303824485918,1.3320146932144574,0.3496702810001391,-0.2762092237072438,0,0,1,0,0,1,0,0,0,1,0,0,0,0,0,0,0,0,0,0
0.07863570994927846,0,0,0.9179850920431568,-1.002633961261093,-1.2605528115314677,-1.1549197108043214,-0.9025711432823293,-1.3045703395522044,-0.07859531494030712,-0.1793370664156764,-0.915123156041976,0.722669059498499,1.0725180887819397,-0.5781779838098172,0,0,1,0,0,1,0,0,0,1,0,0,0,1,0,0,0,0,0,0
0.8846517369293829,0,0,-1.0893423092245462,-1.097107945545388,-0.006413771643802805,-0.8551385486461922,-0.45642412135174737,1.112308322183375,-1.940255700160376,-0.3615147075493785,-0.7904511194986266,-1.511598264126682,0.10872101173953895,-0.5919098279321524,0,0,1,0,0,1,0,0,0,0,1,0,0,1,0,0,0,0,0,0
-0.727380317030826,1,1,0.9179850920431568,1.170267677277744,1.2072691701829692,1.362850180523757,0.6341574878118976,1.409770311320062,0.8364580947441338,2.8396067009428103,-0.24189415870788902,-2.019386292223314,0.42998670408700584,-1.1173516832844157,2,0,0,1,0,0,1,0,1,0,0,0,0,0,0,1,0,0,0,0
1.6906677639094871,0,1,-1.0893423092245462,0.1782908422926206,-1.4223772037750368,0.4987750660679728,0.7333012704631381,1.0379428248992033,2.0354935970892627,-0.8039461217312255,1.0048262067256055,-0.2929069966947651,-1.0157089114765951,1.1339211496090305,0,0,1,0,0,1,0,0,0,1,0,0,0,0,0,0,1,0,0,0
0.07863570994927846,0,0,-1.0893423092245462,-1.097107945545388,-0.6941674386789748,-1.337139632900439,-0.9025711432823293,-1.0814738476996908,-0.4572381051545588,-0.1272863118060475,-0.8652543414246362,0.5195538482598462,2.03631516582434,-0.2981215414238975,0,0,1,0,0,1,0,0,0,1,0,0,0,1,0,0,0,0,0,0
1.6906677639094871,0,0,-1.0893423092245462,0.8396087322827028,-0.6941674386789748,0.8220684762385042,1.1050904554052898,-0.18908788028962975,0.3000474752739446,-0.20536244372049084,1.4037767236643237,0.11332342578254051,-0.9353924883897284,1.3871631748857012,1,0,1,0,0,0,1,0,0,0,0,0,0,0,0,0,0,1,0,0
0.07863570994927846,1,0,-1.0893423092245462,-1.002633961261093,0.3172350128433352,-1.056952010752645,-0.580353849665798,-1.2302048422680325,0.6786902654881963,3.0738350966861407,-1.2392704510546846,-0.6991374191720707,3.1607450890404745,-1.3130471868535314,0,0,0,1,0,1,0,0,0,1,0,0,0,0,0,1,0,0,0,0
-1.5333963440109302,0,0,0.9179850920431568,0.27276482657691903,0.47905940508690426,-0.4515116244332863,-0.10942088207240579,-0.04035688572128626,0.8995652264465092,-0.3615147075493785,-0.3166973806338987,-1.9178286866039878,0.5906195502607393,-0.07675827850004098,1,0,0,1,0,1,0,0,0,1,0,0,0,0,0,0,0,1,0,0
0.07863570994927846,0,0,0.9179850920431568,-1.002633961261093,-0.08732596776558875,-1.0432365327454105,-0.7290695236426585,-0.6352808639946602,0.11072608016681874,-0.1793370664156764,-0.8901887487333061,0.11332342578254051,0.9922016656950728,-0.6264336015556015,0,0,0,0,1,1,0,0,0,1,0,0,0,1,0,0,0,0,0,0
0.8846517369293829,0,0,-1.0893423092245462,0.1782908422926206,-0.24915036000915777,-0.09686855024621847,0.2375823572069358,-0.48654986942631673,0.4578153045298821,-0.41356546215900736,0.1321219509221593,0.722669059498499,-0.9353924883897284,0.35842176452184354,2,0,0,1,0,1,0,0,0,1,0,0,0,0,0,0,0,1,0,0
0.8846517369293829,0,0,-1.0893423092245462,-0.15236810270242054,-0.6941674386789748,-0.032209868212112185,0.48544181383503693,1.112308322183375,0.7733509630417585,-0.20536244372049084,0.28172839477417866,-0.6991374191720707,-0.1322282575210612,0.5387777383277835,1,1,0,0,0,0,1,0,0,1,0,0,0,0,0,0,0,1,0,0
1.6906677639094871,0,0,-1.0893423092245462,-0.10513111056026798,-1.6651137921403918,-0.345706508377476,-1.3982900565385317,0.03400861156288548,0.0002885996876616376,-0.1793370664156764,-0.09228771485586969,1.738245115691763,-1.2566581807371953,0.21348774391980652,1,0,1,0,0,0,1,0,0,0,0,0,1,0,1,0,0,0,0,0
1.6906677639094871,0,0,-1.0893423092245462,-0.43579005555530914,-0.8559918309225438,0.47722217205660405,1.6751672056499223,1.5585013058884054,-1.1198629880294986,-0.15331168911086193,2.5507594598631385,1.5351299044531104,-1.0960253345634619,3.382701260062593,2,0,0,0,0,0,1,0,0,0,1,0,0,0,0,0,0,1,0,0
0.8846517369293829,0,0,-1.0893423092245462,-0.7192120084081977,-1.1796406154096848,-1.250928056854964,-0.8529992519567091,-1.3045703395522044,-0.07859531494030712,-0.1793370664156764,-0.915123156041976,0.722669059498499,1.79536589656374,-0.48929700077685867,0,0,1,0,0,1,0,0,0,1,0,0,0,1,0,0,0,0,0,0
-0.727380317030826,0,0,0.9179850920431568,-0.24684208698671228,0.23632281672154928,-0.33590973837230836,-0.45642412135174737,1.112308322183375,-1.940255700160376,-0.28343857563493463,-0.5660414537205976,-0.6991374191720707,-0.5338103729553948,-0.5971842933468449,0,0,0,1,0,0,0,0,0,0,1,0,0,1,0,0,0,0,0,0
1.6906677639094871,0,0,-1.0893423092245462,0.9340827165670013,-1.6246576940794988,1.008207106336689,1.3529499120333908,0.4058360979837442,0.04761894846444345,-0.28343857563493463,1.3788423163556538,0.11332342578254051,-0.9353924883897284,1.1859731735056573,0,0,1,0,0,0,1,0,0,0,0,1,0,0,0,0,0,1,0,0
-1.5333963440109302,0,0,0.9179850920431568,0.27276482657691903,0.07449842447798027,-0.19287689629686114,-0.10942088207240579,-0.04035688572128626,0.8995652264465092,-0.3615147075493785,-0.3166973806338987,-1.9178286866039878,0.2693538579132724,-0.2905185482920903,1,0,1,0,0,1,0,0,0,1,0,0,0,0,0,0,0,1,0,0
0.07863570994927846,0,1,-1.0893423092245462,0.9813197087091472,0.4386033070260113,0.6927511121702916,0.33672613985817623,1.7072323004567473,-0.4256845393033705,-0.54369234868308,1.752858425985702,-0.2929069966947651,-1.0157089114765951,1.9948076384838542,2,0,1,0,0,0,1,0,0,1,0,0,0,0,0,0,0,1,0,0
-1.5333963440109302,1,1,0.9179850920431568,0.27276482657691903,0.47905940508690426,-0.14977110827412363,-0.40685223002612714,-0.18908788028962975,0.3000474752739446,3.2299873605150284,-0.7904511194986266,-1.3084830528880291,0.5906195502607393,-1.0949406988527768,1,0,0,1,0,1,0,0,0,1,0,0,0,0,0,1,0,0,0,0
0.8846517369293829,0,0,-1.0893423092245462,-0.9553969691189438,-1.1796406154096848,-1.4449041029572829,-0.8529992519567091,-1.5276668314047195,0.48936887038107046,-0.23138782102530575,-0.7156478975726169,1.738245115691763,1.0725180887819397,0.14749251255735793,0,0,1,0,0,1,0,0,0,1,0,0,0,0,0,0,0,0,0,0
-0.727380317030826,0,0,-1.0893423092245462,-0.5302640398396076,0.23632281672154928,0.3008803119635869,0.9315888357656189,-0.04035688572128626,-0.2048095783450577,-0.28343857563493463,0.40640043131752807,-1.8162710809846614,-0.5338103729553948,0.43614381660471097,2,0,0,1,0,0,1,0,0,1,0,0,0,0,0,0,0,1,0,0
-0.727380317030826,0,0,0.9179850920431568,-0.9081599769767945,0.3172350128433352,-1.07066748875988,-0.8529992519567091,-1.5276668314047195,0.48936887038107046,-0.23138782102530575,-0.7156478975726169,1.738245115691763,0.670935973347606,-0.2520610638242572,0,0,0,1,0,1,0,0,0,1,0,0,0,0,0,0,0,0,0,0
1.6906677639094871,0,0,-1.0893423092245462,1.1230306851355913,-1.4223772037750368,0.4341163840338665,0.6093715421490875,2.3021562787301213,-0.4572381051545588,-0.15331168911086193,0.9549573921082657,0.722669059498499,-0.774759642215995,1.1231344349546526,2,0,1,0,0,0,1,0,0,1,0,0,0,0,0,0,0,1,0,0
0.07863570994927846,0,0,-1.0893423092245462,0.0365798658661763,-1.0987284192878988,-0.5161703064673926,-0.40685223002612714,-0.6352808639946602,1.0257794898512598,-0.2574131983301202,-0.11722212216453959,0.722669059498499,0.028404588652672223,0.33163687487367577,0,0,0,1,0,1,0,0,0,1,0,0,0,1,0,0,0,0,0,0
-0.727380317030826,0,0,0.9179850920431568,-0.7192120084081977,-0.28960645807005075,-0.9315533546864997,-0.7042835779798485,-0.48654986942631673,-0.70966663196406,-0.28343857563493463,-0.8652543414246362,-0.6991374191720707,0.9118852426082061,-0.6720457111692195,1,0,0,1,0,1,0,0,0,1,0,0,0,1,0,0,0,0,0,0
1.6906677639094871,0,1,-1.0893423092245462,0.27276482657691903,0.9645325818176143,0.49289700406487225,-0.1342068277352159,0.814846333046688,-0.5834523685593094,-0.28343857563493463,1.3788423163556538,0.722669059498499,-0.8550760653028617,1.6770569993063464,1,0,1,0,0,1,0,0,0,0,0,0,0,0,0,0,0,1,0,0
0.8846517369293829,0,0,-1.0893423092245462,-1.002633961261093,0.8027081895740452,-0.6200160685221694,-0.45642412135174737,1.112308322183375,-1.940255700160376,-0.3615147075493785,-0.7904511194986266,-1.511598264126682,0.10872101173953895,-0.777552173152856,0,0,1,0,0,0,0,0,0,0,1,0,0,1,0,0,0,0,0,0
0.07863570994927846,0,0,-1.0893423092245462,-0.8136859926924961,0.1554106205997662,-1.2861964288735674,-0.8777851976195192,-1.0814738476996908,-0.33102384174980826,-0.28343857563493463,-0.915123156041976,-0.2929069966947651,1.0725180887819397,-0.4554954961016212,1,0,1,0,0,1,0,0,0,1,0,0,0,1,0,0,0,0,0,0
-0.727380317030826,0,0,0.9179850920431568,1.170267677277744,1.2072691701829692,1.4275088625578631,-0.158992773398026,0.517384343910001,-3.3601661634638194,-0.4395908394638218,-0.24189415870788902,-0.2929069966947651,-1.0157089114765951,-1.1468847436890748,2,0,0,0,1,0,1,0,1,0,0,0,0,0,0,0,0,1,0,0
0.07863570994927846,0,0,-1.0893423092245462,-0.9081599769767945,-0.4514308503136198,-0.5024548284601579,-0.7042835779798485,-0.30063612621588653,-0.5518988027081211,-0.1793370664156764,0.18199076553949908,2.95693638312368,-0.0519118344341945,0.8433410087807409,1,0,1,0,0,0,1,0,0,0,0,0,0,0,0,0,0,1,0,0
-0.727380317030826,0,0,0.9179850920431568,-0.3413160712710107,0.1554106205997662,-0.17916141828962648,-0.40685223002612714,-0.6352808639946602,1.0257794898512598,-0.28343857563493463,-0.09228771485586969,1.3320146932144574,-0.2928611036947947,0.06622149049549772,0,0,0,1,0,1,0,0,0,1,0,0,0,0,0,0,0,1,0,0
1.6906677639094871,0,1,-1.0893423092245462,0.1782908422926206,-1.4223772037750368,0.5124905440752074,0.7333012704631381,1.0007600762571165,1.9092793336845124,-0.8039461217312255,1.0048262067256055,-0.2929069966947651,-1.0157089114765951,1.1210261590891732,0,0,1,0,0,0,1,0,0,1,0,0,0,0,0,0,0,0,1,0
0.8846517369293829,0,0,-1.0893423092245462,-0.7192120084081977,-1.1796406154096848,-1.082423612766081,-0.8529992519567091,-1.3045703395522044,-0.07859531494030712,-0.1793370664156764,-0.915123156041976,0.722669059498499,1.0725180887819397,-0.6424120446872024,0,0,1,0,0,1,0,0,0,1,0,0,0,1,0,0,0,0,0,0
0.07863570994927846,0,1,-1.0893423092245462,-1.002633961261093,-1.1796406154096848,-0.8394637166379241,-0.7042835779798485,-1.0814738476996908,0.42626173867869516,-0.6477938579023383,-0.0673533075471998,0.722669059498499,-0.1322282575210612,0.7665227909767784,0,0,1,0,0,1,0,0,0,1,0,0,0,0,0,0,0,0,1,0
0.07863570994927846,0,0,0.9179850920431568,-1.002633961261093,-1.2605528115314677,-1.1118139227815838,-0.9025711432823293,-1.3045703395522044,-0.07859531494030712,-0.1793370664156764,-0.915123156041976,0.722669059498499,1.0725180887819397,-0.616659242570331,0,0,0,1,0,1,0,0,0,1,0,0,0,1,0,0,0,0,0,0
0.8846517369293829,0,1,0.9179850920431568,0.27276482657691903,0.9645325818176143,0.5693118101051796,-0.1342068277352159,0.814846333046688,-0.5834523685593094,-0.28343857563493463,1.3788423163556538,0.722669059498499,-0.8550760653028617,1.5985050732146802,1,0,0,1,0,1,0,0,0,0,0,0,0,0,0,0,0,1,0,0
-1.5333963440109302,0,0,0.9179850920431568,1.4064526379884867,0.7217959934522592,0.7750439802136997,0.36151208552098635,1.7072323004567473,-0.33102384174980826,-0.15331168911086193,0.23185958015683886,0.5195538482598462,-0.3731775267816614,-0.170853113242166,2,0,0,1,0,0,1,0,0,1,0,0,0,0,0,0,0,1,0,0
-0.727380317030826,0,1,0.9179850920431568,1.1230306851355913,0.9240764837567212,1.1238089923976669,0.18801046588131556,1.0751255735412883,-0.14170244664268242,-0.8039461217312255,0.9300229847995958,0.9257842707371517,-1.0960253345634619,0.5083975818198192,2,0,0,1,0,0,1,0,1,0,0,0,0,0,0,0,0,1,0,0
0.07863570994927846,0,0,-1.0893423092245462,-0.19960509484456643,-0.5323430464354058,0.5222873140803751,0.6341574878118976,-2.3828700501726936,0.6786902654881963,-0.28343857563493463,1.2292358725036343,-0.2929069966947651,-0.8550760653028617,1.4326945622732628,1,0,1,0,0,0,1,0,0,0,0,1,0,0,0,0,0,1,0,0
0.8846517369293829,0,0,-1.0893423092245462,-0.7192120084081977,-1.1796406154096848,-1.1999848528280925,-0.8529992519567091,-1.3045703395522044,-0.07859531494030712,-0.1793370664156764,-0.915123156041976,0.722669059498499,1.0725180887819397,-0.5370163175051654,0,0,1,0,0,1,0,0,0,1,0,0,0,1,0,0,0,0,0,0
0.8846517369293829,0,0,-1.0893423092245462,-0.3413160712710107,-0.9369040270443297,0.34790480798839146,-0.18377871906083612,0.4058360979837442,-0.07859531494030712,-0.23138782102530575,-0.36656619525123846,-0.2929069966947651,-0.21254468060792794,-0.7443908803997806,1,0,1,0,0,0,1,0,0,1,0,0,0,0,0,0,0,0,0,1
0.07863570994927846,0,0,0.9179850920431568,-1.002633961261093,-1.1796406154096848,-0.7160244145728121,-0.7042835779798485,-1.3045703395522044,-0.07859531494030712,-0.1793370664156764,-0.915123156041976,0.722669059498499,1.0725180887819397,-0.9338641815427728,0,0,0,1,0,1,0,0,0,1,0,0,0,1,0,0,0,0,0,0
1.6906677639094871,0,0,-1.0893423092245462,-0.43579005555530914,-0.8559918309225438,0.391010596011129,1.6751672056499223,1.5585013058884054,-1.1198629880294986,-0.15331168911086193,2.5507594598631385,1.5351299044531104,-1.0960253345634619,3.5014810619783097,2,1,0,0,0,0,1,0,0,0,1,0,0,0,0,0,0,1,0,0
0.07863570994927846,0,0,0.9179850920431568,-0.24684208698671228,-0.8559918309225438,-0.37509681839297887,-0.10942088207240579,0.10837410884705723,0.6471366996370079,-0.41356546215900736,-0.41643500986857823,-0.2929069966947651,0.10872101173953895,-0.3126084849262144,0,0,0,1,0,1,0,0,0,1,0,0,0,1,0,0,0,0,0,0
0.8846517369293829,0,0,-1.0893423092245462,-1.1915819298296866,-0.006413771643802805,-0.9922933287185389,-0.7290695236426585,1.112308322183375,-2.82375554399363,-0.28343857563493463,-0.8901887487333061,-0.49602220793341795,0.9118852426082061,-0.6699461869700236,0,0,1,0,0,1,0,0,0,0,1,0,0,1,0,0,0,0,0,0
-0.727380317030826,0,0,0.9179850920431568,-0.9553969691189438,1.8545667391572453,-1.0432365327454105,-0.8529992519567091,-1.4904840827626344,0.48936887038107046,-0.23138782102530575,-0.7156478975726169,1.738245115691763,0.670935973347606,-0.27838142725402465,0,0,0,0,1,1,0,0,0,1,0,0,0,0,0,0,0,0,0,0
-0.727380317030826,1,1,0.9179850920431568,1.170267677277744,2.0163911314008174,1.819379662764568,0.6341574878118976,1.409770311320062,0.8364580947441338,2.8396067009428103,-0.24189415870788902,-2.019386292223314,-0.4534939498685281,-1.3139061991666316,2,0,0,0,1,0,1,0,1,0,0,0,0,0,0,1,0,0,0,0
0.07863570994927846,0,0,-1.0893423092245462,0.27276482657691903,-0.006413771643802805,-0.33590973837230836,-0.10942088207240579,0.2571051034154007,0.42626173867869516,-0.3875400848541929,-0.5161726391032578,-0.6991374191720707,0.18903743482640567,-0.512792846711758,1,0,1,0,0,1,0,0,0,1,0,0,0,1,0,0,0,0,0,0
0.07863570994927846,0,0,-1.0893423092245462,-1.002633961261093,-1.1796406154096848,-1.333220924898372,-0.9025711432823293,-1.3045703395522044,-0.07859531494030712,-0.1793370664156764,-0.915123156041976,0.722669059498499,1.0725180887819397,-0.4094178230617463,0,0,1,0,0,1,0,0,0,1,0,0,0,1,0,0,0,0,0,0
0.8846517369293829,0,0,0.9179850920431568,0.27276482657691903,0.9645325818176143,0.39492930401319604,-0.1342068277352159,0.814846333046688,-0.5834523685593094,-0.20536244372049084,0.1321219509221593,0.21488103140186693,-0.5338103729553948,-0.04343809691641412,1,0,0,1,0,1,0,0,0,1,0,0,0,0,0,0,0,1,0,0
-0.727380317030826,1,1,0.9179850920431568,0.4617127951455159,0.5599716012086903,0.04420493782819525,-0.7290695236426585,-1.1558393449838624,0.4578153045298821,3.360114247039101,-0.915123156041976,-1.3084830528880291,1.233150934955673,-1.4037623344900045,1,0,0,1,0,1,0,0,0,1,0,0,0,0,0,1,0,0,0,0
0.07863570994927846,0,0,-1.0893423092245462,-0.9081599769767945,-0.4514308503136198,-1.2078222688322264,-0.8529992519567091,-1.5276668314047195,0.48936887038107046,-0.23138782102530575,-0.7156478975726169,1.738245115691763,0.670935973347606,-0.11476102366483919,0,0,1,0,0,1,0,0,0,1,0,0,0,0,0,0,0,0,0,0
-0.727380317030826,0,0,0.9179850920431568,-0.5302640398396076,0.23632281672154928,-0.31631619836197317,-0.45642412135174737,0.6661153384783445,-1.435398646541375,-0.33548933024456357,-0.09228771485586969,1.3320146932144574,-0.2928611036947947,0.1867400110431557,2,0,0,1,0,0,1,0,0,1,0,0,0,0,0,0,0,1,0,0
-1.5333963440109302,0,1,0.9179850920431568,0.6034237715719601,1.5309179546701073,1.176711550425572,0.08886668323007511,1.112308322183375,-0.33102384174980826,-0.6738192352071528,1.4287111309729936,-0.0897917854561123,-1.336974603824062,1.1068974108322516,2,0,0,0,1,0,1,0,0,1,0,0,0,0,0,0,0,1,0,0
0.07863570994927846,0,0,-1.0893423092245462,-0.9081599769767945,-0.4514308503136198,-0.7591302025955495,-0.7042835779798485,-0.48654986942631673,-0.70966663196406,-0.28343857563493463,-0.8652543414246362,-0.6991374191720707,0.5906195502607393,-0.8093885118566493,1,0,0,1,0,0,1,0,0,1,0,0,0,1,0,0,0,0,0,0
0.07863570994927846,0,0,0.9179850920431568,2.5873774415422,0.8027081895740452,0.5634337481020791,0.2375823572069358,-0.48654986942631673,0.4578153045298821,-0.41356546215900736,0.1321219509221593,0.722669059498499,-0.9353924883897284,-0.16481166011202794,2,0,0,1,0,1,0,0,0,1,0,0,0,0,0,0,0,1,0,0
0.07863570994927846,0,1,-1.0893423092245462,-1.002633961261093,-1.2605528115314677,-0.7160244145728121,-0.7042835779798485,-1.0814738476996908,0.42626173867869516,-0.6477938579023383,-0.0673533075471998,0.722669059498499,-0.1322282575210612,0.6278205303785098,0,0,0,1,0,1,0,0,0,1,0,0,0,0,0,0,0,1,0,0
1.6906677639094871,0,0,-1.0893423092245462,-0.43579005555530914,-0.8559918309225438,0.391010596011129,1.6751672056499223,1.5585013058884054,-1.1198629880294986,-0.15331168911086193,2.5507594598631385,1.5351299044531104,-1.0960253345634619,3.5014810619783097,2,1,0,0,0,0,1,0,0,0,1,0,0,0,0,0,0,1,0,0
-2.3394123709910346,0,0,0.9179850920431568,0.6034237715719601,1.0049886798785073,0.7417349621961298,0.36151208552098635,1.7072323004567473,-0.33102384174980826,-0.15331168911086193,0.23185958015683886,0.5195538482598462,-0.2928611036947947,-0.14834256183963,2,0,0,1,0,0,1,0,0,1,0,0,0,0,0,0,0,1,0,0
-0.727380317030826,0,0,0.9179850920431568,-0.24684208698671228,-0.49188694837451274,-0.8061546986203542,-0.45642412135174737,1.112308322183375,-1.940255700160376,-0.15331168911086193,-0.5660414537205976,-0.6991374191720707,1.0725180887819397,-0.21004590878309576,0,0,0,1,0,1,0,0,0,0,1,0,0,1,0,0,0,0,0,0
0.8846517369293829,0,0,0.9179850920431568,0.22552783443477314,0.23632281672154928,0.5242466680814086,0.2375823572069358,-0.48654986942631673,0.4578153045298821,-0.54369234868308,0.25679398746550874,0.722669059498499,-1.2566581807371953,0.04093637086076697,2,0,0,1,0,0,0,0,0,1,0,0,0,0,0,0,0,1,0,0
0.07863570994927846,0,0,-1.0893423092245462,-0.9081599769767945,-0.4514308503136198,-1.4096357309386796,-1.1752165455732406,-1.5276668314047195,-0.5834523685593094,0.0028405747180252176,-1.1145984145113352,0.722669059498499,1.9559987427374734,-0.7702395897400727,0,0,1,0,0,1,0,0,0,1,0,0,0,0,0,0,0,0,0,0
-0.727380317030826,0,0,0.9179850920431568,1.170267677277744,2.0163911314008174,1.3197443925010193,-0.158992773398026,0.517384343910001,-0.2048095783450577,-0.4395908394638218,-0.19202534409054925,-0.2929069966947651,-1.0157089114765951,-1.0350139116092152,2,0,0,0,1,0,1,0,1,0,0,0,0,0,0,0,0,1,0,0
0.8846517369293829,1,1,0.9179850920431568,-0.19960509484456643,0.8027081895740452,-0.46522710244052096,-0.7290695236426585,-1.1558393449838624,0.4578153045298821,3.360114247039101,-0.915123156041976,-1.3084830528880291,1.8756823196506067,-1.1062623213667686,1,0,0,1,0,1,0,0,0,1,0,0,0,0,0,1,0,0,0,0
-0.727380317030826,0,0,0.9179850920431568,1.170267677277744,1.2072691701829692,1.0160445223408232,-0.158992773398026,0.517384343910001,-0.2048095783450577,-0.4395908394638218,-0.19202534409054925,-0.2929069966947651,-1.0157089114765951,-0.8826743823294418,2,0,0,1,0,0,1,0,1,0,0,0,0,0,0,0,0,1,0,0
-0.727380317030826,0,0,0.9179850920431568,-0.24684208698671228,0.47905940508690426,-0.26733234833613506,-0.45642412135174737,1.112308322183375,-1.940255700160376,-0.28343857563493463,-0.5660414537205976,-0.6991374191720707,-0.2928611036947947,-0.647226328851536,0,0,0,0,1,0,0,0,0,0,1,0,0,1,0,0,0,0,0,0
0.8846517369293829,0,0,-1.0893423092245462,-0.5302640398396076,0.23632281672154928,-0.31631619836197317,-0.45642412135174737,0.6661153384783445,-1.435398646541375,-0.33548933024456357,-0.09228771485586969,1.3320146932144574,-0.2928611036947947,0.1867400110431557,2,0,0,1,0,0,1,0,0,1,0,0,0,0,0,0,0,1,0,0
-0.727380317030826,0,0,0.9179850920431568,0.27276482657691903,0.7217959934522592,-0.2869258883464703,-0.10942088207240579,0.2571051034154007,0.42626173867869516,-0.3875400848541929,-0.5161726391032578,-0.6991374191720707,0.18903743482640567,-0.5495609043743517,1,0,0,1,0,1,0,0,0,1,0,0,0,1,0,0,0,0,0,0
0.07863570994927846,0,0,-1.0893423092245462,-1.002633961261093,-1.1796406154096848,-1.250928056854964,-0.9025711432823293,-1.3045703395522044,-0.07859531494030712,-0.1793370664156764,-0.915123156041976,0.722669059498499,1.79536589656374,-0.48929700077685867,0,0,1,0,0,1,0,0,0,1,0,0,0,1,0,0,0,0,0,0
0.07863570994927846,0,0,-1.0893423092245462,-1.097107945545388,0.3172350128433352,-1.1196513387857179,-0.8529992519567091,-1.007108350415519,-0.70966663196406,-0.28343857563493463,-1.0647295998939954,-0.6991374191720707,1.4741002042162732,-0.9139179343702131,1,0,1,0,0,1,0,0,0,1,0,0,0,1,0,0,0,0,0,0
0.8846517369293829,0,0,-1.0893423092245462,-0.15236810270242054,-0.6941674386789748,0.24014033793154763,0.48544181383503693,1.112308322183375,0.7733509630417585,-0.20536244372049084,0.28172839477417866,-0.6991374191720707,-0.1322282575210612,0.300313543935806,1,1,0,0,0,0,1,0,0,1,0,0,0,0,0,0,0,1,0,0
1.6906677639094871,0,0,-1.0893423092245462,-0.8609229848346487,-1.9887625766275328,-0.016535036203843993,0.08886668323007511,0.5545670925520877,-1.8140414367556255,-0.28343857563493463,0.1570563582308292,-0.2929069966947651,-0.6141267960422615,0.3268656145791947,1,0,0,0,0,0,1,0,0,0,0,0,0,0,0,0,0,1,0,0
0.8846517369293829,1,0,0.9179850920431568,-0.19960509484456643,0.8027081895740452,-0.5729915724973648,-0.7290695236426585,-1.1558393449838624,0.4578153045298821,3.360114247039101,-1.3140736729806943,-0.6991374191720707,2.1969480119980735,-1.7457876664093548,1,0,0,1,0,1,0,0,0,1,0,0,0,0,0,1,0,0,0,0
0.8846517369293829,0,0,-1.0893423092245462,-0.19960509484456643,0.8027081895740452,-0.6807560425542086,-0.43163817568893725,-0.48654986942631673,0.4578153045298821,-0.28343857563493463,-0.4912382317945879,0.21488103140186693,0.42998670408700584,-0.18483523075934433,1,0,0,1,0,1,0,0,0,1,0,0,0,0,0,0,0,1,0,0
-1.5333963440109302,1,1,0.9179850920431568,2.7290884179686445,1.0454447779393974,2.3777955530591224,1.402521803359011,0.9635773276150315,1.2151008849583855,2.969733587466883,0.45626924593486784,-1.6131558697460084,-0.6944432191291282,-0.773857898802389,2,0,0,1,0,0,1,0,0,1,0,0,0,0,0,1,0,0,0,0
-1.5333963440109302,1,1,0.9179850920431568,1.4064526379884867,0.7217959934522592,1.2942727904875835,0.4606558681722268,-1.1558393449838624,0.4578153045298821,3.360114247039101,0.032384321687479754,-0.6991374191720707,-0.21254468060792794,-0.7412557341052864,2,0,0,1,0,0,1,0,0,1,0,0,0,0,0,1,0,0,0,0
-0.727380317030826,0,0,0.9179850920431568,0.27276482657691903,0.7217959934522592,-0.2575355783309674,-0.10942088207240579,0.2571051034154007,0.42626173867869516,-0.3875400848541929,-0.5161726391032578,-0.6991374191720707,0.18903743482640567,-0.5712578489166867,1,0,1,0,0,1,0,0,0,1,0,0,0,1,0,0,0,0,0,0
0.07863570994927846,0,0,-1.0893423092245462,-1.097107945545388,-0.6941674386789748,-1.337139632900439,-0.9025711432823293,-1.0814738476996908,-0.4572381051545588,-0.1272863118060475,-0.8652543414246362,0.5195538482598462,2.03631516582434,-0.2981215414238975,1,0,0,1,0,1,0,0,0,1,0,0,0,1,0,0,0,0,0,0
0.07863570994927846,0,0,-1.0893423092245462,-0.9081599769767945,-0.4514308503136198,-0.5710322184963312,-0.7042835779798485,-0.30063612621588653,-0.5518988027081211,-0.1793370664156764,0.18199076553949908,2.95693638312368,-0.0519118344341945,0.9190673273219381,1,0,0,1,0,0,1,0,0,0,0,0,0,0,0,0,0,1,0,0
-1.5333963440109302,0,0,0.9179850920431568,-0.624738024123906,2.461408210070631,-0.042006638217279804,-0.10942088207240579,0.07119136020497054,0.6471366996370079,-0.41356546215900736,-0.41643500986857823,-0.2929069966947651,-0.1322282575210612,-0.5637273292962527,0,0,0,0,1,1,0,0,0,1,0,0,0,1,0,0,0,0,0,0
-0.727380317030826,0,0,0.9179850920431568,-1.6167148591090228,0.1554106205997662,-0.3613813403857442,-0.40685223002612714,-0.6352808639946602,1.0257794898512598,-0.28343857563493463,-0.466303824485918,1.3320146932144574,0.3496702810001391,-0.40851319659058066,0,0,0,1,0,1,0,0,0,1,0,0,0,0,0,0,0,0,0,0
-0.727380317030826,1,1,0.9179850920431568,1.170267677277744,1.2072691701829692,1.255085710466913,0.6341574878118976,1.409770311320062,0.8364580947441338,2.8396067009428103,-0.24189415870788902,-2.019386292223314,0.42998670408700584,-1.0667750471519237,2,0,0,1,0,0,1,0,1,0,0,0,0,0,0,1,0,0,0,0
-1.5333963440109302,0,0,0.9179850920431568,-0.624738024123906,2.461408210070631,-0.042006638217279804,-0.10942088207240579,0.10837410884705723,0.6471366996370079,-0.41356546215900736,-0.41643500986857823,-0.2929069966947651,-0.1322282575210612,-0.5637273292962527,0,0,0,0,1,1,0,0,0,1,0,0,0,1,0,0,0,0,0,0
0.07863570994927846,0,1,-1.0893423092245462,-1.002633961261093,-1.1796406154096848,-0.8394637166379241,-0.7042835779798485,-1.0814738476996908,0.42626173867869516,-0.6477938579023383,-0.0673533075471998,0.722669059498499,-0.1322282575210612,0.7665227909767784,0,0,1,0,0,1,0,0,0,1,0,0,0,0,0,0,0,1,0,0
-0.727380317030826,0,0,0.9179850920431568,-1.097107945545388,2.1782155236443863,1.0846219123769965,-0.8529992519567091,-1.007108350415519,-0.70966663196406,-0.28343857563493463,-1.0647295998939954,-0.6991374191720707,0.2693538579132724,-2.050969423081477,1,0,0,0,1,0,0,0,0,1,0,0,0,1,0,0,0,0,0,0
1.6906677639094871,0,0,-1.0893423092245462,-0.8136859926924961,0.7622520915131522,-0.5925851125077001,-0.43163817568893725,-0.48654986942631673,0.4578153045298821,-0.41356546215900736,-0.36656619525123846,0.722669059498499,-0.21254468060792794,-0.03890529566461524,1,0,0,0,0,1,0,0,0,1,0,0,0,0,0,0,0,1,0,0
1.6906677639094871,0,0,-1.0893423092245462,-0.24684208698671228,-1.7460259882621778,-0.44759291643121923,-0.10942088207240579,0.10837410884705723,0.6471366996370079,-0.41356546215900736,-0.41643500986857823,-0.2929069966947651,0.10872101173953895,-0.25309339495327815,0,0,1,0,0,1,0,0,0,1,0,0,0,1,0,0,0,0,0,0
-0.727380317030826,0,0,0.9179850920431568,-0.3413160712710107,0.1554106205997662,-0.4946174124560238,-0.40685223002612714,-0.6352808639946602,1.0257794898512598,-0.28343857563493463,-0.466303824485918,1.3320146932144574,0.3496702810001391,-0.30082526785879676,0,0,0,1,0,1,0,0,0,1,0,0,0,0,0,0,0,0,0,0
0.8846517369293829,0,0,-1.0893423092245462,-0.15236810270242054,-0.28960645807005075,0.8201091222374707,0.48544181383503693,1.112308322183375,0.7733509630417585,-0.20536244372049084,0.28172839477417866,-0.6991374191720707,-0.1322282575210612,-0.1332440884000168,1,0,0,0,0,0,1,0,0,1,0,0,0,0,0,0,0,1,0,0
-0.727380317030826,0,0,0.9179850920431568,1.737111582983521,-0.3705186541918367,2.9577643373650453,3.261467728069769,1.14949107082546,2.8874398750713284,-0.5176669713782656,1.777792833294372,-0.8006950247913972,-1.7385567192583957,0.2989092425663778,2,0,0,1,0,0,1,0,0,0,0,0,0,0,0,0,0,1,0,0
0.07863570994927846,0,0,-1.0893423092245462,-1.002633961261093,0.3172350128433352,-1.1862693748208577,-0.7290695236426585,-0.6352808639946602,0.11072608016681874,-0.1793370664156764,-0.8901887487333061,0.11332342578254051,0.9922016656950728,-0.4980643548720698,0,0,0,1,0,1,0,0,0,1,0,0,0,1,0,0,0,0,0,0
-0.727380317030826,1,0,0.9179850920431568,-0.7192120084081977,-0.28960645807005075,-0.551438678485996,-0.40685223002612714,-0.18908788028962975,0.3000474752739446,3.2299873605150284,-1.2143360437460147,-1.3084830528880291,1.1528345118688064,-1.580020064158528,1,0,0,1,0,1,0,0,0,1,0,0,0,0,0,1,0,0,0,0
-0.727380317030826,0,0,0.9179850920431568,-1.9473738041040638,-0.08732596776558875,-0.4299587304219175,-0.382066284363317,-0.04035688572128626,-0.07859531494030712,-0.41356546215900736,-0.6657790829552771,-0.6991374191720707,-0.21254468060792794,-0.6983673628682462,1,0,0,1,0,0,1,0,0,1,0,0,0,1,0,0,0,0,0,0
-0.727380317030826,0,0,0.9179850920431568,-0.24684208698671228,-0.49188694837451274,-0.7179837685738456,-0.45642412135174737,1.112308322183375,-1.940255700160376,-0.15331168911086193,-0.5660414537205976,-1.511598264126682,0.42998670408700584,-0.2890977107680732,0,0,0,1,0,1,0,0,0,0,1,0,0,1,0,0,0,0,0,0
0.8846517369293829,0,0,0.9179850920431568,0.13105385015047472,0.23632281672154928,-0.4299587304219175,-0.43163817568893725,-0.48654986942631673,0.4578153045298821,-0.023184802586789233,-0.0673533075471998,0.722669059498499,-0.1322282575210612,0.3351299425216279,2,0,0,1,0,1,0,0,0,1,0,0,0,0,0,0,0,1,0,0
1.6906677639094871,0,1,-1.0893423092245462,0.9340827165670013,-1.6246576940794988,1.1414431784069687,1.3529499120333908,0.4058360979837442,0.04761894846444345,-0.5957431032927092,2.3762186087024495,0.11332342578254051,-1.2566581807371953,2.3547957104693356,0,0,1,0,0,0,1,0,0,0,0,1,0,0,0,0,0,1,0,0
0.07863570994927846,0,0,0.9179850920431568,-0.8136859926924961,0.1554106205997662,-1.1980254988270589,-0.8777851976195192,-1.0814738476996908,-0.33102384174980826,-0.28343857563493463,-0.915123156041976,-0.2929069966947651,1.0725180887819397,-0.5388261978588303,1,0,0,1,0,1,0,0,0,1,0,0,0,1,0,0,0,0,0,0
0.8846517369293829,0,0,0.9179850920431568,0.27276482657691903,0.9645325818176143,0.27149000194808404,-0.1342068277352159,0.814846333046688,-0.5834523685593094,-0.20536244372049084,0.1321219509221593,0.21488103140186693,-0.5338103729553948,0.05039088899584972,1,0,0,1,0,1,0,0,0,1,0,0,0,0,0,0,0,1,0,0
0.8846517369293829,0,0,0.9179850920431568,-0.19960509484456643,0.8027081895740452,-0.674877980551108,-0.43163817568893725,-0.48654986942631673,0.4578153045298821,-0.28343857563493463,-0.4912382317945879,0.21488103140186693,0.42998670408700584,-0.19008712728912225,1,0,0,1,0,1,0,0,0,1,0,0,0,0,0,0,0,1,0,0
-0.727380317030826,0,0,0.9179850920431568,-0.7192120084081977,-0.3705186541918367,-0.8512198406441251,-0.7042835779798485,-0.48654986942631673,-0.70966663196406,-0.28343857563493463,-0.8652543414246362,-0.6991374191720707,0.5103031271738725,-0.737452263319489,1,0,1,0,0,1,0,0,0,1,0,0,0,1,0,0,0,0,0,0
1.6906677639094871,0,0,-1.0893423092245462,-0.9081599769767945,-0.9369040270443297,-0.6572437945418063,-0.43163817568893725,-0.48654986942631673,0.4578153045298821,-0.41356546215900736,-0.36656619525123846,0.722669059498499,-0.21254468060792794,0.02079971749197277,1,0,1,0,0,1,0,0,0,1,0,0,0,0,0,0,0,1,0,0
-0.727380317030826,0,0,-1.0893423092245462,2.2094815044050065,-2.3933235572364566,2.7304792732451566,4.9469120331408565,0.814846333046688,-1.5616129099461256,0.3671958569854289,3.922151861839983,-0.2929069966947651,-2.0598224116058623,2.617916174217917,2,0,0,1,0,0,1,0,0,0,0,1,0,0,0,0,0,1,0,0
1.6906677639094871,0,1,-1.0893423092245462,-0.24684208698671228,-1.7460259882621778,-0.36530004838781127,-0.40685223002612714,-0.5609153667104885,0.6471366996370079,-0.6738192352071528,0.28172839477417866,0.722669059498499,-0.21254468060792794,0.8684494380877951,0,0,1,0,0,1,0,0,0,1,0,0,0,0,0,0,0,0,1,0
0.07863570994927846,0,0,-1.0893423092245462,-0.9081599769767945,-0.4514308503136198,-1.1764726048156902,-0.8529992519567091,-1.5276668314047195,0.48936887038107046,-0.23138782102530575,-0.7156478975726169,1.738245115691763,0.670935973347606,-0.147010288136991,0,0,1,0,0,1,0,0,0,1,0,0,0,0,0,0,0,0,0,0
0.07863570994927846,0,0,0.9179850920431568,2.5873774415422,0.8027081895740452,0.7789626882157668,0.2375823572069358,-0.48654986942631673,0.4578153045298821,-0.41356546215900736,0.1321219509221593,0.722669059498499,-0.9353924883897284,-0.3097562823124555,2,0,0,0,1,1,0,0,0,1,0,0,0,0,0,0,0,1,0,0
-0.727380317030826,1,1,0.9179850920431568,1.170267677277744,2.0163911314008174,1.711615192707724,0.6341574878118976,1.409770311320062,0.8364580947441338,2.8396067009428103,-0.24189415870788902,-2.019386292223314,-0.4534939498685281,-1.2699169841981055,2,0,0,0,1,0,1,0,1,0,0,0,0,0,0,1,0,0,0,0
0.07863570994927846,0,0,-1.0893423092245462,-1.002633961261093,0.3172350128433352,-1.250928056854964,-0.7290695236426585,-0.6352808639946602,0.11072608016681874,-0.1793370664156764,-0.8901887487333061,0.11332342578254051,0.9922016656950728,-0.43682734482673335,0,0,0,1,0,1,0,0,0,1,0,0,0,1,0,0,0,0,0,0
1.6906677639094871,0,1,-1.0893423092245462,0.1782908422926206,-1.4223772037750368,0.7143040061816605,0.7333012704631381,1.0007600762571165,1.9092793336845124,-0.8039461217312255,1.0048262067256055,-0.2929069966947651,-1.0157089114765951,0.9384308986506696,0,0,1,0,0,1,0,0,0,1,0,0,0,0,0,0,0,0,1,0
-1.5333963440109302,0,0,0.9179850920431568,0.27276482657691903,0.1554106205997662,1.1649554264193709,0.8572309987771886,-0.18908788028962975,0.3000474752739446,-0.23138782102530575,1.2791046871209741,0.11332342578254051,-1.0157089114765951,0.9251024204873671,1,0,0,0,1,0,1,0,0,0,0,0,0,0,0,0,0,1,0,0
0.8846517369293829,0,0,0.9179850920431568,-0.19960509484456643,0.8027081895740452,-0.551438678485996,-0.43163817568893725,-0.48654986942631673,0.4578153045298821,-0.28343857563493463,-0.4912382317945879,0.21488103140186693,0.42998670408700584,-0.2971773374517915,1,0,0,1,0,1,0,0,0,1,0,0,0,0,0,0,0,1,0,0
0.07863570994927846,0,0,-1.0893423092245462,-1.002633961261093,0.3172350128433352,-1.3077493228849362,-0.7290695236426585,-0.6352808639946602,0.11072608016681874,-0.1793370664156764,-0.8901887487333061,0.11332342578254051,0.9922016656950728,-0.38124672992139186,0,0,0,1,0,1,0,0,0,1,0,0,0,1,0,0,0,0,0,0
0.07863570994927846,0,1,0.9179850920431568,2.5873774415422,0.8836203856958282,1.037597416352192,0.11365262889288523,-0.709646361278832,0.4578153045298821,-0.46561621676863624,0.880154170182256,0.722669059498499,-1.4976074499977954,0.508272556548384,2,0,0,1,0,1,0,0,0,1,0,0,0,0,0,0,0,1,0,0
-0.727380317030826,0,0,0.9179850920431568,-0.5302640398396076,0.23632281672154928,0.4086447820204307,0.9315888357656189,-0.04035688572128626,-0.2048095783450577,-0.28343857563493463,0.40640043131752807,-1.8162710809846614,-0.5338103729553948,0.34676379555246284,2,0,0,1,0,0,1,0,0,1,0,0,0,0,0,0,0,1,0,0
0.07863570994927846,0,0,-1.0893423092245462,0.27276482657691903,-0.006413771643802805,-0.33590973837230836,-0.10942088207240579,0.2571051034154007,0.42626173867869516,-0.3875400848541929,-0.5161726391032578,-0.6991374191720707,0.18903743482640567,-0.512792846711758,1,0,1,0,0,1,0,0,0,1,0,0,0,1,0,0,0,0,0,0
-1.5333963440109302,0,0,0.9179850920431568,0.27276482657691903,0.47905940508690426,-0.2790884723423362,-0.10942088207240579,-0.04035688572128626,0.8995652264465092,-0.3615147075493785,-0.3166973806338987,-1.9178286866039878,0.2693538579132724,-0.22186259861847749,1,0,0,1,0,1,0,0,0,1,0,0,0,0,0,0,0,1,0,0
0.8846517369293829,0,0,-1.0893423092245462,0.32000181871906486,-1.3010089095923607,-0.1889581882947941,0.13843857455569533,0.517384343910001,2.0354935970892627,-0.3615147075493785,-0.36656619525123846,-0.0897917854561123,-0.1322282575210612,-0.3753994549339072,1,0,1,0,0,1,0,0,0,1,0,0,0,0,0,0,0,1,0,0
-0.727380317030826,0,0,0.9179850920431568,2.3511924808314575,1.0454447779393974,1.8585667427852384,2.046956390592074,1.112308322183375,0.42626173867869516,-0.54369234868308,1.9273992771463913,0.5195538482598462,-1.6582402961715288,1.1684147884650826,2,0,0,1,0,0,1,0,0,1,0,0,0,0,0,0,0,1,0,0
1.6906677639094871,0,0,-1.0893423092245462,2.162244512262861,-1.1796406154096848,2.2112504629712726,2.6666050321623267,0.517384343910001,-0.4887916710057458,-0.46561621676863624,1.2541702798123042,-0.8006950247913972,-1.7385567192583957,0.17579326501155695,2,0,0,0,0,0,1,0,0,0,0,1,0,0,0,0,0,1,0,0
-1.5333963440109302,0,0,0.9179850920431568,0.27276482657691903,0.1554106205997662,1.1257683463987005,1.1050904554052898,-0.18908788028962975,0.3000474752739446,-0.23138782102530575,1.2791046871209741,0.11332342578254051,-0.9353924883897284,0.9569282654306667,1,0,0,1,0,0,1,0,0,0,0,0,0,0,0,0,0,1,0,0
1.6906677639094871,0,0,-1.0893423092245462,0.27276482657691903,0.9645325818176143,0.2950022499604863,-0.1342068277352159,-2.903428531161896,-3.738808953678071,-0.20536244372049084,0.1321219509221593,0.21488103140186693,-0.5338103729553948,0.032181988392753005,1,0,1,0,0,1,0,0,0,1,0,0,0,0,0,0,0,1,0,0
0.8846517369293829,0,0,-1.0893423092245462,-0.15236810270242054,-0.6941674386789748,0.30871772796772096,0.48544181383503693,1.112308322183375,0.7733509630417585,-0.20536244372049084,0.28172839477417866,-0.6991374191720707,-0.1322282575210612,0.24411820486938823,1,0,1,0,0,0,1,0,0,1,0,0,0,0,0,0,0,1,0,0
-2.3394123709910346,0,1,0.9179850920431568,0.6034237715719601,1.0049886798785073,0.9572639023098174,0.08886668323007511,1.112308322183375,-0.33102384174980826,-0.6738192352071528,1.4287111309729936,-0.0897917854561123,-1.336974603824062,1.2968424597046242,2,0,0,1,0,0,1,0,0,1,0,0,0,0,0,0,0,1,0,0
-0.727380317030826,1,0,0.9179850920431568,0.27276482657691903,0.7217959934522592,-0.222267206312364,-0.10942088207240579,0.2571051034154007,0.42626173867869516,3.2820381151246574,-1.0148607852766556,-1.00381023603005,1.79536589656374,-1.4208213224587303,1,0,0,1,0,1,0,0,0,1,0,0,0,0,0,1,0,0,0,0
0.07863570994927846,0,0,0.9179850920431568,-0.8136859926924961,0.1554106205997662,-1.1882287288218913,-0.8777851976195192,-0.8955601044892605,-0.33102384174980826,-0.28343857563493463,-0.915123156041976,-0.2929069966947651,1.0725180887819397,-0.5478477553140291,1,0,0,1,0,1,0,0,0,1,0,0,0,1,0,0,0,0,0,0
-0.727380317030826,0,0,0.9179850920431568,1.170267677277744,1.2072691701829692,0.9082800522839793,-0.158992773398026,0.517384343910001,-0.2048095783450577,-0.4395908394638218,-0.19202534409054925,-0.2929069966947651,-1.0157089114765951,-0.8248595620419967,2,0,0,1,0,0,1,0,1,0,0,0,0,0,0,0,0,1,0,0
0.07863570994927846,0,0,-1.0893423092245462,-0.8136859926924961,0.1554106205997662,-1.3057899688839028,-0.8777851976195192,-1.0814738476996908,-0.33102384174980826,-0.28343857563493463,-0.915123156041976,-0.2929069966947651,0.42998670408700584,-0.4364386807085911,1,0,1,0,0,1,0,0,0,1,0,0,0,1,0,0,0,0,0,0
-1.5333963440109302,0,1,0.9179850920431568,1.3592156458463343,0.7217959934522592,0.9651013183139515,0.36151208552098635,1.7072323004567473,-0.33102384174980826,-0.3615147075493785,1.3788423163556538,0.31643863702119335,-0.9353924883897284,1.2238054296996939,2,0,0,1,0,0,1,0,0,1,0,0,0,0,0,0,0,1,0,0
0.8846517369293829,0,0,-1.0893423092245462,-0.15236810270242054,-0.6941674386789748,-0.010656974200743421,0.48544181383503693,1.112308322183375,0.7733509630417585,-0.20536244372049084,0.28172839477417866,-0.6991374191720707,-0.1322282575210612,0.5189595788684216,1,0,1,0,0,0,1,0,0,1,0,0,0,0,0,0,0,1,0,0
1.6906677639094871,0,0,-1.0893423092245462,-0.10513111056026798,-1.6651137921403918,-0.11058402825345313,-1.1504305999104305,0.03400861156288548,0.0002885996876616376,-0.1793370664156764,0.7554821336389065,1.738245115691763,-1.336974603824062,1.3771536006809793,1,0,1,0,0,0,1,0,0,0,0,0,1,0,0,0,0,1,0,0
-0.727380317030826,0,0,0.9179850920431568,1.737111582983521,-0.3705186541918367,2.9577643373650453,3.261467728069769,1.14949107082546,2.8874398750713284,-0.5176669713782656,1.777792833294372,-0.8006950247913972,-1.7385567192583957,0.2989092425663778,2,0,0,1,0,0,1,0,0,0,0,0,0,0,0,0,0,1,0,0
-1.5333963440109302,0,0,0.9179850920431568,-0.24684208698671228,-0.8559918309225438,-0.300641366353705,-0.40685223002612714,-0.5609153667104885,0.6471366996370079,-0.6738192352071528,0.28172839477417866,0.722669059498499,-0.21254468060792794,0.8008058507242525,0,0,0,1,0,1,0,0,0,1,0,0,0,0,0,0,0,0,1,0
0.07863570994927846,0,0,-1.0893423092245462,-1.002633961261093,-1.1796406154096848,-1.333220924898372,-0.9025711432823293,-1.3045703395522044,-0.07859531494030712,-0.17673452868519499,-0.915123156041976,0.722669059498499,1.79536589656374,-0.4094178230617463,0,0,1,0,0,1,0,0,0,1,0,0,0,1,0,0,0,0,0,0
1.6906677639094871,0,0,-1.0893423092245462,-0.10513111056026798,-1.6651137921403918,-0.33590973837230836,-1.3982900565385317,0.03400861156288548,0.0002885996876616376,-0.1793370664156764,-0.09228771485586969,1.738245115691763,-1.2566581807371953,0.2045344496864657,1,0,1,0,0,0,1,0,0,0,0,0,1,0,1,0,0,0,0,0
-0.727380317030826,0,0,0.9179850920431568,-0.7192120084081977,-0.28960645807005075,-0.9060817526730639,-0.7042835779798485,-0.48654986942631673,-0.70966663196406,-0.28343857563493463,-0.8652543414246362,-0.6991374191720707,2.357580858171807,-0.6930616818592014,1,0,0,1,0,1,0,0,0,1,0,0,0,1,0,0,0,0,0,0
-1.5333963440109302,0,0,0.9179850920431568,0.6034237715719601,1.5309179546701073,0.9513858403067168,0.36151208552098635,1.7072323004567473,-0.33102384174980826,-0.15331168911086193,0.23185958015683886,0.5195538482598462,-0.2928611036947947,-0.28583478460734585,2,0,0,0,1,0,1,0,0,1,0,0,0,0,0,0,0,1,0,0
0.07863570994927846,0,0,-1.0893423092245462,3.0125103708215333,-1.3010089095923607,1.5862165366415786,1.8982407166152133,2.3021562787301213,-0.4572381051545588,-0.023184802586789233,4.5704464518654,1.230457087595131,-0.8550760653028617,4.553401698344219,2,0,1,0,0,0,1,1,0,0,0,0,0,0,0,0,0,1,0,0
-0.727380317030826,0,0,-1.0893423092245462,-0.3413160712710107,-0.1682381638873747,-0.6278534845263034,-0.40685223002612714,-0.6352808639946602,1.0257794898512598,-0.28343857563493463,-0.466303824485918,1.3320146932144574,0.3496702810001391,-0.18658744721845139,0,0,1,0,0,1,0,0,0,1,0,0,0,0,0,0,0,0,0,0
-0.727380317030826,0,0,0.9179850920431568,-0.7192120084081977,-0.3705186541918367,-0.8766914426575609,-0.7042835779798485,-0.48654986942631673,-0.70966663196406,-0.28343857563493463,-0.8652543414246362,-0.6991374191720707,0.9118852426082061,-0.7169889359383345,1,0,1,0,0,1,0,0,0,1,0,0,0,1,0,0,0,0,0,0
-0.727380317030826,0,0,0.9179850920431568,0.4617127951455159,0.5599716012086903,0.012855273811658866,-0.43163817568893725,-0.48654986942631673,0.4578153045298821,-0.28343857563493463,-0.41643500986857823,0.722669059498499,0.028404588652672223,-0.6018928289960145,1,0,0,0,1,1,0,0,0,1,0,0,0,0,0,0,0,1,0,0
1.6906677639094871,0,0,-1.0893423092245462,-0.8609229848346487,-1.9887625766275328,-0.016535036203843993,0.08886668323007511,0.5545670925520877,-1.8140414367556255,-0.28343857563493463,0.1570563582308292,-0.2929069966947651,-0.6141267960422615,0.3268656145791947,1,0,0,0,0,0,1,0,0,0,0,0,0,0,0,0,0,1,0,0
0.07863570994927846,0,0,-1.0893423092245462,-0.8136859926924961,0.1554106205997662,-1.2763996588684,-0.8777851976195192,-1.0814738476996908,-0.33102384174980826,-0.28343857563493463,-0.915123156041976,-0.2929069966947651,1.0725180887819397,-0.46494887696588905,1,0,1,0,0,1,0,0,0,1,0,0,0,1,0,0,0,0,0,0
-0.727380317030826,0,1,0.9179850920431568,-0.24684208698671228,0.47905940508690426,0.18331907190157545,-0.45642412135174737,1.112308322183375,-1.940255700160376,-0.6217684805975237,0.1570563582308292,-0.6991374191720707,-0.774759642215995,0.15811915403716326,0,0,0,0,1,0,0,0,0,0,1,0,0,0,0,0,0,1,0,0
-0.727380317030826,0,0,0.9179850920431568,0.27276482657691903,0.6004276992695832,0.04420493782819525,0.13843857455569533,0.517384343910001,2.0354935970892627,-0.3615147075493785,-0.36656619525123846,-0.0897917854561123,-0.1322282575210612,-0.545286335082699,1,0,0,0,1,1,0,0,0,1,0,0,0,0,0,0,0,1,0,0
0.07863570994927846,0,0,-1.0893423092245462,-1.097107945545388,0.3172350128433352,-1.0118868687288742,-0.8529992519567091,-1.007108350415519,-0.70966663196406,-0.28343857563493463,-1.0647295998939954,-0.6991374191720707,1.0725180887819397,-0.998664190206411,1,0,1,0,0,1,0,0,0,1,0,0,0,1,0,0,0,0,0,0
-0.727380317030826,0,0,0.9179850920431568,0.27276482657691903,0.5599716012086903,0.9866542123253202,1.3529499120333908,0.4058360979837442,0.04761894846444345,-0.28343857563493463,1.1793670578862947,0.11332342578254051,-0.9353924883897284,0.9417185570576466,0,0,0,1,0,1,0,0,0,0,0,1,0,0,0,0,0,1,0,0
-0.727380317030826,0,0,0.9179850920431568,-0.3413160712710107,0.3981472089651212,-0.45543033243535336,-0.158992773398026,0.03400861156288548,0.6786902654881963,-0.41356546215900736,-0.19202534409054925,0.11332342578254051,0.42998670408700584,0.1431836110074695,0,0,1,0,0,1,0,0,0,1,0,0,0,1,0,0,0,0,0,0
-0.727380317030826,1,1,0.9179850920431568,1.170267677277744,1.2072691701829692,1.362850180523757,0.6341574878118976,1.409770311320062,0.8364580947441338,2.8396067009428103,-0.24189415870788902,-2.019386292223314,0.42998670408700584,-1.1173516832844157,2,0,0,1,0,0,1,0,1,0,0,0,0,0,0,1,0,0,0,0
0.07863570994927846,0,1,0.9179850920431568,-0.24684208698671228,-0.8559918309225438,-0.300641366353705,-0.40685223002612714,-0.5609153667104885,0.6471366996370079,-0.6738192352071528,0.28172839477417866,0.722669059498499,-0.21254468060792794,0.8008058507242525,0,0,0,1,0,1,0,0,0,1,0,0,0,0,0,0,0,0,1,0
0.07863570994927846,0,0,-1.0893423092245462,2.870799394395089,0.6813398953913663,2.2700310830022783,4.401621228559034,1.781597797740919,0.3000474752739446,-0.54369234868308,1.977268091763731,-1.3084830528880291,-2.0598224116058623,0.9272001013900041,2,1,0,0,0,0,1,0,0,0,0,1,0,0,0,0,0,1,0,0
0.07863570994927846,0,0,0.9179850920431568,-1.002633961261093,-1.1796406154096848,-1.1118139227815838,-0.9025711432823293,-1.3045703395522044,-0.07859531494030712,-0.1793370664156764,-0.915123156041976,0.722669059498499,1.0725180887819397,-0.616659242570331,0,0,0,1,0,1,0,0,0,1,0,0,0,1,0,0,0,0,0,0
-1.5333963440109302,0,1,0.9179850920431568,1.4064526379884867,0.7217959934522592,0.9905729203273873,0.36151208552098635,1.7072323004567473,-0.33102384174980826,-0.15331168911086193,0.23185958015683886,0.5195538482598462,-0.9353924883897284,-0.3104683497332582,2,0,0,1,0,0,1,0,0,1,0,0,0,0,0,0,0,1,0,0
-0.727380317030826,0,0,0.9179850920431568,-1.097107945545388,-0.6941674386789748,-1.2685622428642658,-0.9025711432823293,-1.0814738476996908,-0.4572381051545588,-0.1272863118060475,-0.8652543414246362,0.5195538482598462,2.03631516582434,-0.3670418778506393,0,0,0,1,0,1,0,0,0,1,0,0,0,1,0,0,0,0,0,0
0.8846517369293829,0,0,0.9179850920431568,-0.19960509484456643,0.8027081895740452,-0.5024548284601579,-0.43163817568893725,-0.48654986942631673,0.4578153045298821,-0.023184802586789233,-0.11722212216453959,0.722669059498499,0.18903743482640567,0.3182794429772348,1,0,0,1,0,1,0,0,0,1,0,0,0,0,0,0,0,1,0,0
-1.5333963440109302,0,0,0.9179850920431568,2.7290884179686445,1.1263569740611832,2.3190149330281167,2.6666050321623267,0.517384343910001,-0.4887916710057458,-0.46561621676863624,1.2541702798123042,-0.8006950247913972,-1.7385567192583957,0.1135428698586589,2,0,0,1,0,0,1,0,0,0,0,1,0,0,0,0,0,1,0,0
0.07863570994927846,0,0,-1.0893423092245462,0.9340827165670013,-1.6246576940794988,1.1414431784069687,1.3529499120333908,0.4058360979837442,0.04761894846444345,-0.28343857563493463,1.3788423163556538,0.11332342578254051,-0.9353924883897284,1.0723898472983988,0,0,1,0,0,0,1,0,0,0,0,1,0,0,0,0,0,1,0,0
0.07863570994927846,0,0,0.9179850920431568,0.4617127951455159,0.8027081895740452,0.9768574423201526,0.9315888357656189,-0.04035688572128626,-0.2048095783450577,-0.28343857563493463,0.40640043131752807,-1.8162710809846614,-0.8550760653028617,-0.07129160420922591,2,0,0,1,0,0,1,0,0,1,0,0,0,0,0,0,0,1,0,0
0.07863570994927846,0,0,0.9179850920431568,-1.002633961261093,0.3172350128433352,-1.2117409768342935,-0.7290695236426585,-0.6352808639946602,0.11072608016681874,-0.1793370664156764,-0.8901887487333061,0.11332342578254051,0.9922016656950728,-0.4741896385373515,0,0,0,1,0,1,0,0,0,1,0,0,0,1,0,0,0,0,0,0
1.6906677639094871,0,0,-1.0893423092245462,0.8396087322827028,-0.6941674386789748,0.9004426362798452,1.1050904554052898,-0.18908788028962975,0.3000474752739446,-0.20536244372049084,1.4037767236643237,0.11332342578254051,-1.0157089114765951,1.3149563210359436,1,0,1,0,0,0,1,0,0,0,0,0,0,0,0,0,0,1,0,0
-0.727380317030826,0,0,0.9179850920431568,0.27276482657691903,0.9645325818176143,1.4490617565692319,1.3529499120333908,0.4058360979837442,0.04761894846444345,-0.28343857563493463,1.1793670578862947,0.11332342578254051,-1.336974603824062,0.5837838755235055,0,0,0,0,1,1,0,0,0,0,0,1,0,0,0,0,0,1,0,0
